,S_a,S_q,S_sk,S_ku,S_z,S_10z,S_v,S_p,S_mean,S_sc,S_2a,S_3a,S_dr,S_dq,S_dq6,S_bi,S_ci,S_vi,S_pk,S_vk,S_k,S_dc0-5,S_dc5-10,S_dc10-50,S_dc50-95,S_dc50-100,S_ds,S_td,S_tdi,S_rw,S_rwi,S_hw,S_fd,S_cl20,S_cl37,S_tr20,S_tr37
data/simulated2/surface0.txt,7.987769300535277,10.014120665395538,0.0008719028772609925,3.0136503517306283,94.16227990684095,249.27334999761783,-45.315280760521276,48.846999146319675,81.0511370529213,7.428977441542549,65536.0,9535710.271344544,14450.339159156105,84.35748937158232,85.78274023922884,0.6156152224678993,1.5356006562569633,0.12212873827324046,9.269199335700005,9.385081290302132,26.36543837391546,32.58014884776697,3.5781666364599545,12.806070067330367,16.38423670379033,45.19789435528366,0.1103057861328125,90.0,0.6831063783441857,255.0,0.8836939543083632,4.0476190476190474,2.9974826306401345,0.7071067811865476,0.7071067811865476,1.4253491022343006,1.4253491022343006
data/simulated2/surface1.txt,8.000460266565865,10.010727143164877,0.0014983451079415484,2.9823611965105643,86.47424114705836,232.08352708810594,-45.98909241790121,40.48514872915716,72.00107871647921,7.494594597647754,65536.0,9508523.990864115,14408.85618723162,84.35696165671804,85.78890382647405,0.615198188831692,1.5418182761261596,0.11400939550783937,8.956719690921382,9.486924224795054,26.80701475558807,24.212787521176352,3.458969645882334,12.971136172058756,16.430105817941087,45.83134780794093,0.109710693359375,0.0,0.7099199262191749,17.0,0.8433999383217853,4.0476190476190474,2.994313046150751,0.7071067811865476,0.7071067811865476,1.4197485810096786,1.4197485810096786
data/simulated2/surface10.txt,7.967964486126387,9.973684958573582,-0.00571557477923103,2.991857778703305,89.5422218142041,246.5970537381997,-45.29538966772763,44.246832146476464,70.00212940329389,7.503497229415781,65536.0,9393073.50423019,14232.692724960618,84.35592218862065,85.76200607773107,0.6183093454323059,1.5246462258875348,0.1263241326382947,9.063560169736768,9.614897468562088,26.41495543519021,28.116257649660085,3.4026044289397603,12.894079941245387,16.296684370185147,45.129279794358865,0.108489990234375,0.0,0.7056395922603215,28.333333333333332,0.7971650048784623,3.984375,3.011212548105399,0.7071067811865476,0.7071067811865476,1.414213562373095,1.414213562373095
data/simulated2/surface11.txt,7.998051026557565,10.023654680108326,-0.0016134268460320648,2.992575804497652,84.92538778907428,234.64772259325485,-44.768836371384864,40.156551417689414,24.994175262008074,7.445599258105298,65536.0,9537918.795416499,14453.709099451444,84.35762449009974,85.78131463476203,0.6120402788167082,1.540181599056156,0.11864149127037348,9.207255497009719,9.62317990691094,26.326870214613027,23.779108580940793,3.5668662871411243,12.908658943939287,16.47552523108041,44.670753977053074,0.1095428466796875,90.0,0.7060014015729816,51.0,0.7984075503938578,4.0476190476190474,2.993483891543102,0.7071067811865476,0.7071067811865476,1.4197485810096786,1.4197485810096786
data/simulated2/surface12.txt,7.9808224969205765,9.985594100769687,0.01154402185157318,2.9683780649386478,84.22737229518152,246.1185582414082,-40.59481974248399,43.63255255269753,63.04658091217194,7.4344838845370145,65536.0,9445220.955809785,14312.263421340615,84.35094902983907,85.78412789519919,0.6110056305922019,1.548760144194851,0.11940085518100056,9.057657752037416,9.325425932309706,26.53162227298218,27.28966862363881,3.537549636397628,12.971015333457956,16.340110225265214,40.42913870168713,0.1108245849609375,0.0,0.6740934383884447,127.5,0.5712799302997233,4.0476190476190474,3.0006405949099486,0.7071067811865476,0.7071067811865476,1.414213562373095,1.414213562373095
data/simulated2/surface13.txt,7.9688764316155405,9.99453061680006,0.014084555974582297,3.0201383600687572,86.13299742064947,241.4660186338624,-43.0808658070823,43.052131613567184,94.9451674092292,7.398420311884581,65536.0,9504189.610064907,14402.242446998454,84.35842306937938,85.7882246654177,0.6048797887913981,1.5579352342035695,0.11756026829358451,9.398411007635659,9.534776823092516,26.27056421329808,26.528963205560046,3.789851886508572,12.919949613097423,16.193003515082104,42.89423271548344,0.110809326171875,0.0,0.7591229316289768,25.5,0.8643636109051722,3.984375,3.01471904902999,0.7071067811865476,0.7071067811865476,2.015748031496063,2.015748031496063
data/simulated2/surface14.txt,7.974279783252234,9.987896958049886,0.002630119985042441,2.9745947160601998,86.29415822051592,246.30744633265914,-40.63503842880836,45.65911979170757,90.01359281100328,7.519145898738284,65536.0,9494631.25276929,14387.65755122267,84.35519359878114,85.78416902086911,0.6120370172269199,1.5439471492240766,0.12076777035790763,9.200374327420306,9.53210638474349,26.31971825725735,29.34001379497542,3.6243546452616684,12.771535416636354,16.395890061898026,40.55825436364248,0.1091766357421875,90.0,0.7431740225751584,63.75,0.8139559016729577,3.984375,3.0018804913342967,0.7071067811865476,0.7071067811865476,1.414213562373095,1.414213562373095
data/simulated2/surface15.txt,7.965267354820712,10.001660012243349,0.01781009786152748,3.04127418045935,88.47924398026227,254.36141522250398,-42.885225576740524,45.594018403521744,5.055858114182478,7.544896700909172,65536.0,9487555.707673064,14376.861126210119,84.36740314870084,85.79049505238869,0.6100110149290717,1.550892189892292,0.1183072547753642,9.340720003795656,9.504901072610165,26.10137697417736,29.198150513486546,3.7161282471710138,12.74101113315777,16.457139380328783,42.82395408644694,0.1090850830078125,90.0,0.731646372590422,42.5,0.7572415693490626,4.0476190476190474,2.991802398573113,0.7071067811865476,0.7071067811865476,2.0078276984238443,2.0078276984238443
data/simulated2/surface16.txt,7.99741716301942,10.025930998741332,-0.01699904755127531,3.0077828082215183,88.60101863295569,241.19971555700917,-43.71953776643049,44.8814808665252,38.92582175513824,7.469338840115073,65536.0,9531272.059435934,14443.566985223288,84.36656559473344,85.78348759930664,0.6131335553902202,1.5379131118823066,0.11602577090516694,9.173443196698349,9.727363816642224,26.580305589886706,28.529527999811734,3.7212427825841417,12.758546683145617,16.47978946572976,43.5917011674142,0.1085205078125,90.0,0.7490236689754932,85.0,0.8155751312714861,4.0476190476190474,3.000377684259986,0.7071067811865476,0.7071067811865476,1.4197485810096786,1.4197485810096786
data/simulated2/surface17.txt,7.967730598690009,9.997978882947152,0.00928904768725078,3.0274118709747238,85.24495643627058,239.9750786554863,-43.46907970840992,41.77587672786066,79.99666555812667,7.397326320703367,65536.0,9463324.235167084,14339.886833445868,84.3576452824884,85.78022814660748,0.6043496041588509,1.5550335438461507,0.12178327752376887,9.534329035572949,9.419499593953832,26.425936495243878,25.232507105136094,3.921267996068444,12.786743465440587,16.367031635763954,43.30443786962546,0.1107025146484375,0.0,0.624190084635133,85.0,0.8331236454378966,4.0476190476190474,3.0008649409292234,0.7071067811865476,0.7071067811865476,1.414213562373095,1.414213562373095
data/simulated2/surface18.txt,7.976332088048159,9.995244516465581,-0.006157966914557671,3.0161676182333728,91.9885314282858,244.2570208940059,-48.23761239438941,43.75091903389638,91.95324922267353,7.439623847376397,65536.0,9505088.965621928,14403.614754672131,84.35440521897824,85.78270929848738,0.6117663455839188,1.5490646639346333,0.11759302639046829,9.109653183795023,9.521711958924085,26.676674114202875,27.412582365629156,3.67954125713144,12.694417337103438,16.37395859423487,48.201990468421755,0.109161376953125,90.0,0.7216665727999891,23.181818181818183,0.8117962159078265,3.984375,3.0170534108054525,0.7071067811865476,0.7071067811865476,2.0,2.0
data/simulated2/surface19.txt,8.018492638000366,10.048347917377294,0.007997438014493981,2.9762945600078616,85.99337189285566,232.48577133201368,-47.211486429986415,38.78188546286924,45.01473838648063,7.642968120331777,65536.0,9540869.40745024,14458.211376114257,84.39490520509824,85.81324277474424,0.6118233853260886,1.5533817430825798,0.11389860801759778,9.179209931586279,9.42058315747947,26.65794528678525,22.358276692142468,3.6117216194999315,12.899005783928352,16.510727403428287,47.124367797284904,0.108428955078125,0.0,0.7265010546455677,21.25,0.841838613546791,4.0476190476190474,2.995431123341773,0.7071067811865476,0.7071067811865476,1.414213562373095,1.414213562373095
data/simulated2/surface2.txt,7.985578195315449,10.022112080196473,0.008088386471421825,3.0178119248698287,82.88286129517014,243.17729110465075,-40.08127932082503,42.80158197434511,26.048708338994484,7.524305570810207,65536.0,9559305.436840998,14486.34252447662,84.35775224127711,85.7816068992993,0.6094383955962205,1.5518443969515825,0.11568287620582002,9.314481123966033,9.448945854374985,26.108101307978586,26.356749891864112,3.646845896987486,12.929726362046537,16.41080653644369,39.94953914427201,0.1096649169921875,90.0,0.6689411246845351,255.0,0.7309057535860484,4.112903225806452,2.9754414512722516,0.7071067811865476,0.7071067811865476,1.414213562373095,1.414213562373095
data/simulated2/surface20.txt,7.961456178421071,9.970931714465113,-0.007687642573467705,2.9808467848551072,87.06069701566771,233.79720811407975,-47.392837217354106,39.66785979831361,47.039715902449785,7.364040576599918,65536.0,9451039.599527048,14321.14196705177,84.3520547142256,85.77446080346725,0.6103807627685074,1.5533925178771588,0.11247266331291735,9.06250418805733,9.578768896173663,26.1182091047003,23.33226680019895,3.6565492746580404,12.710861764287486,16.541532432976865,47.361019176523236,0.10943603515625,90.0,0.6942159002002213,85.0,0.7758518716562393,3.984375,3.0103820609575074,0.7071067811865476,0.7071067811865476,3.162277660168379,3.162277660168379
data/simulated2/surface21.txt,7.995935302926014,10.025960286084304,0.00857290042481811,3.0131459063189423,85.86115990239668,229.95348108841318,-46.23112497175785,39.630034930638836,43.026421788456304,7.543302576925859,65536.0,9510611.726262722,14412.041818638187,84.37437691613407,85.80238906549597,0.6095727024542369,1.5532801925172777,0.11247402326640407,9.424589721408656,9.670598577654697,26.187653770230988,23.18251317364711,3.7778910357054585,12.8791739853595,16.31362038145537,46.02158170768462,0.1079254150390625,0.0,0.6866505863813945,15.9375,0.7791622055890951,4.0476190476190474,3.011427878231975,0.7071067811865476,0.7071067811865476,1.414213562373095,1.414213562373095
data/simulated2/surface22.txt,7.941133986538846,9.970101381329657,-0.01148684037456016,3.043826005759237,82.58377615286113,235.43060266988658,-41.98923562565041,40.59454052721072,41.99714072429406,7.445650596482796,65536.0,9406625.962858416,14253.372135709253,84.3497480425574,85.77008726742031,0.6111036576120796,1.54117826275133,0.12102130063659738,9.077499301642543,9.757466303393104,26.426808368915555,24.279630188941162,3.633686150725893,12.717901527540612,16.351587678266508,41.95255828565346,0.1091461181640625,90.0,0.6794243171486645,17.0,0.7776285685705945,3.984375,3.0153699898565653,0.7071067811865476,0.7071067811865476,1.4197485810096786,1.4197485810096786
data/simulated2/surface23.txt,7.9764474602442865,9.99955898396899,-0.00700034847115899,2.9747974201139757,86.5128091770086,243.08455440223773,-41.533282032082006,44.9795271449266,50.94524960459858,7.488074960543871,65536.0,9513654.052842688,14416.68404059248,84.35574615208525,85.79510114380099,0.6086047675975581,1.5462006518033065,0.11754905123996659,9.12227129885187,9.539653006581547,26.386406798987615,28.549227028412837,3.6335379854343586,12.803895758197278,16.61045936198565,41.52614840496413,0.108795166015625,90.0,0.6891331865653165,21.25,0.7421401604758213,3.984375,3.0089161650674816,0.7071067811865476,0.7071067811865476,2.82842712474619,2.82842712474619
data/simulated2/surface24.txt,7.975911862305329,10.007311953779471,0.011010534756062526,3.0198577496259844,84.30110232079707,239.5705024759814,-42.492237056579825,41.808865264217246,21.97517799993616,7.567649797029744,65536.0,9488790.37514239,14378.745079257797,84.36976660991034,85.78927884009568,0.612070541418269,1.5455720366337227,0.1144514835067867,9.249046223585134,9.538114282630431,26.554847231051077,25.45893290088071,3.5406462974734794,12.98236975740275,16.354413850234632,42.31915336504013,0.1085662841796875,90.0,0.6818057933125181,51.0,0.812791821063032,4.0476190476190474,2.998949463007125,0.7071067811865476,0.7071067811865476,1.414213562373095,1.414213562373095
data/simulated2/surface25.txt,7.977775859839975,10.01969420387179,0.0013400625220056474,3.022178109177451,85.86692693366749,233.0251351742781,-43.010461582856244,42.85646535081125,90.87360468186922,7.466623237244511,65536.0,9511665.555636853,14413.64983465096,84.36347035831858,85.78620854058684,0.6106050520311078,1.5417323109809782,0.12128772936539749,9.376974249464833,9.643644563884404,26.189412714768583,26.447013495569593,3.606410931214036,12.880039040050121,16.486449971264157,42.93346346683374,0.109405517578125,0.0,0.689377141448516,8.225806451612904,0.8709201595287568,3.984375,3.021212052250943,0.7071067811865476,0.7071067811865476,1.414213562373095,1.414213562373095
data/simulated2/surface26.txt,7.998727352363738,10.016717806106714,-0.00350349551311906,2.976453302546757,81.36108204465746,234.60984623381685,-41.792401370352444,39.56868067430502,30.01103059173399,7.509952859173143,65536.0,9535396.529286295,14449.860426767418,84.37086348604895,85.78188416617186,0.6084702133538025,1.545928831834073,0.12154204250982266,9.080292968820263,9.37598333916885,26.44235166451367,23.10654730068272,3.7426097740542446,12.85505096305588,16.43493857302081,41.65687400686462,0.1091766357421875,90.0,0.7097914824810595,85.0,0.7008188856403346,4.0476190476190474,2.9919342223172487,0.7071067811865476,0.7071067811865476,1.414213562373095,1.414213562373095
data/simulated2/surface27.txt,7.981634021302236,9.99554452837868,-0.02090034662315499,2.9891934126998234,84.45684908756098,239.42831403818252,-43.23912925234867,41.217719835212314,44.04610336283177,7.351892090377624,65536.0,9449830.99628388,14319.297784856994,84.35395290088474,85.77655342457253,0.6163054010794035,1.5312549991978635,0.12181074868588598,9.129050629540414,9.531831051196486,26.603907462581695,24.99922732991805,3.5471876616775617,12.668527363134146,16.553542421161954,43.241906732831225,0.1102142333984375,90.0,0.6473863473449717,255.0,0.8037975857782039,4.0476190476190474,2.992595725078586,0.7071067811865476,0.7071067811865476,1.414213562373095,1.414213562373095
data/simulated2/surface28.txt,8.005235633473557,10.029986423191033,-0.012494934385570049,2.986192070518888,86.93993401528527,246.01112249897128,-41.40110491092992,45.53882910435536,92.9301844203234,7.427317043844243,65536.0,9519902.006355919,14426.21766106555,84.35352391009174,85.78932255161986,0.6143185825083708,1.5327650693179342,0.12167825674227732,8.979811460244797,9.44616313616459,26.516679874661992,29.211817829135853,3.477597360611412,12.86711023426222,16.5185874629042,41.38340859127579,0.1089630126953125,0.0,0.6651330324963033,36.42857142857143,0.8081403511130204,4.0476190476190474,2.9934303343841115,0.7071067811865476,0.7071067811865476,1.4197485810096786,1.4197485810096786
data/simulated2/surface29.txt,8.008581603725517,10.04152783946115,0.0031937995643731396,3.0083810270392917,80.49386072881069,228.5576002727057,-41.54638765446177,38.94747307434892,16.981021074825847,7.446303949280939,65536.0,9589143.694520274,14531.87209246868,84.3649577839609,85.78960425664367,0.6119452923978494,1.5462541700991899,0.11565142662805428,9.241411786827175,9.555824566537206,26.562974040507527,22.538281004066988,3.5417298720676698,12.87901771660971,16.581735310135006,41.53483213606632,0.109405517578125,90.0,0.7349793073829803,42.5,0.8059526240951818,4.0476190476190474,2.987406454216362,0.7071067811865476,0.7071067811865476,2.0078276984238443,2.0078276984238443
data/simulated2/surface3.txt,7.939500884142861,9.94834998792865,-0.00860384331160888,2.986970144193379,86.3562674839032,231.55520457928245,-45.52073204466291,40.83553543924029,29.987709130619315,7.306370107622379,65536.0,9322410.60350739,14124.869695293259,84.3091046719495,85.73798330076836,0.6099407216416534,1.5368131360859967,0.12418143277379927,8.976709679804845,9.61198762477122,26.33866158259046,24.525179965428507,3.626963234323938,12.780727587617669,16.407690821941607,45.42339669653308,0.1095123291015625,90.0,0.6928757814373744,85.0,0.8279897331141982,4.0476190476190474,2.9918958394149984,0.7071067811865476,0.7071067811865476,1.414213562373095,1.414213562373095
data/simulated2/surface30.txt,7.9605891543845715,9.987803713238458,0.00014509750243326465,3.0153211398497777,92.58057917799917,238.9592604815138,-46.61034802937891,45.97023114862026,74.03242799336435,7.456634580731308,65536.0,9403535.631951522,14248.65666496509,84.3427484281235,85.76639658699503,0.6110824330374615,1.5443079989787423,0.12329407065794919,9.317111445543452,9.588358414152527,26.385465065729754,29.625785336959737,3.7032231671199654,12.776119926563887,16.479343093683852,46.47545074735558,0.1088714599609375,90.0,0.6780565582721426,85.0,0.7048964577950149,4.0476190476190474,2.9866373594881894,0.7071067811865476,0.7071067811865476,1.414213562373095,1.414213562373095
data/simulated2/surface31.txt,7.942124777764755,9.948225156743925,0.010336491972789158,3.0057755208703005,89.78832013797842,244.75328329413168,-43.97845211058778,45.809868027390635,17.940157255733723,7.452473366008001,65536.0,9348522.822555602,14164.713779534304,84.32692101874437,85.76184750425722,0.6148575928533128,1.543392235003177,0.11328806954290667,9.080949515448083,9.365417869614525,26.487554440703622,29.630145645532885,3.5915328055191296,12.74994145959294,16.16189762483611,43.81670022733346,0.1101531982421875,0.0,0.769259704668125,85.0,0.809286573075153,4.0476190476190474,2.992110769191231,0.7071067811865476,0.7071067811865476,1.414213562373095,1.414213562373095
data/simulated2/surface32.txt,7.996241645235717,10.024744317656227,-0.002337015508570061,3.000921151045402,78.90869090915527,227.92700144713228,-39.50846972310564,39.40022118604962,81.99938802235093,7.478399755583416,65536.0,9549076.20856913,14470.73396082936,84.35409013603693,85.78399382474403,0.6128012559091303,1.5374731309532768,0.12221044513025393,9.370364577299044,9.659848665844683,26.434411454567005,23.041337745473328,3.6297997818211485,12.78320792728315,16.570825090922607,39.454345454577634,0.1092987060546875,0.0,0.6441720368253838,51.0,0.7342985308397743,4.0476190476190474,2.993560355957935,0.7071067811865476,0.7071067811865476,1.4197485810096786,1.4197485810096786
data/simulated2/surface33.txt,7.978742594488246,9.996076667852398,-0.0008569620105254345,2.9814796729208095,80.5546531166053,230.9737055944855,-40.782832177517456,39.77182093908783,77.98426280429578,7.499600632214687,65536.0,9498134.734927937,14393.003440746976,84.35860423930528,85.78153087284427,0.6091093782210095,1.553576603062506,0.11280521034668176,9.03225470294692,9.661385516636363,26.583035528479737,23.36084940381553,3.7055140433638414,12.888744498656848,16.272039929554268,40.59954517076907,0.1091156005859375,90.0,0.7146634838880161,85.0,0.7619855237847942,4.0476190476190474,3.002555065803504,0.7071067811865476,0.7071067811865476,1.4197485810096786,1.4197485810096786
data/simulated2/surface34.txt,7.9872610242571405,10.01029544395249,0.006028380656863878,2.990933809351374,86.06356943648932,236.90155748412116,-42.2145562131647,43.84901322332462,74.97085165162835,7.483161022899312,65536.0,9479240.82488548,14364.173621956605,84.36266971690583,85.78335325437781,0.6073914234848607,1.556878803785744,0.11196230534895533,9.222412946366806,9.398398666331653,26.24938867812924,27.3682150808036,3.7867970552055255,12.73740827660042,16.524205331805952,42.17114902387977,0.1092376708984375,90.0,0.6899019807223301,36.42857142857143,0.7874630500138411,3.984375,3.0025289021279136,0.7071067811865476,0.7071067811865476,1.414213562373095,1.414213562373095
data/simulated2/surface35.txt,7.9643266908388375,9.998015881101365,-0.003434991597720091,3.0036289347190097,81.84970266419747,234.65046332310652,-41.39644367772374,40.45325898647373,92.03122353069683,7.458723080242141,65536.0,9484989.153947208,14372.944876018079,84.35303535871579,85.7803823760013,0.6100276748304002,1.5467526905738649,0.11764874430091908,9.163291751712569,9.517550648593195,26.191904852543182,24.06381258327405,3.601386917224687,12.9322530209432,16.53363993816789,41.25225014275553,0.1092376708984375,0.0,0.7142474727817675,31.875,0.8005541497846848,3.984375,3.004447454702305,0.7071067811865476,0.7071067811865476,2.839497162019357,2.839497162019357
data/simulated2/surface36.txt,8.012485225473405,10.064457153829624,0.009785895025781251,3.0265278651705296,86.69080239650275,245.60213361467794,-44.50209486402558,42.18870753247717,84.97209753092001,7.525909751297415,65536.0,9545554.663630236,14465.360509689692,84.38456817073659,85.79999404870323,0.608925283575793,1.544832650457647,0.12319243548354859,9.257907592010426,9.51183409924229,26.440694730933334,25.660477509364817,3.6410137006531116,13.003620359475413,16.47125245533552,44.385690827009405,0.1092529296875,0.0,0.7249818830004371,127.5,0.6151722726800248,4.0476190476190474,2.9923829223126064,0.7071067811865476,0.7071067811865476,1.414213562373095,1.414213562373095
data/simulated2/surface37.txt,7.958490211823419,9.977414933056227,-0.004853117380949668,3.007420579811469,84.73596101866246,239.64781478441466,-44.21421150226202,40.521749516400455,38.04423632844723,7.488479787599317,65536.0,9494822.475017136,14387.949333217066,84.36013502476321,85.78903611627834,0.6125899675749911,1.540461082808677,0.12073093785721745,9.26838961812488,9.319407700161523,26.268147915785356,24.234484851337477,3.55891036278382,12.879866074836698,16.438776437620515,44.06269972970448,0.1084747314453125,90.0,0.6468584689618546,31.875,0.7902101117641427,3.984375,3.0015816435094678,0.7071067811865476,0.7071067811865476,2.0078276984238443,2.0078276984238443
data/simulated2/surface38.txt,7.963315588123303,9.981681895706,0.0033488249656251803,2.9942192939858443,88.60432921652381,236.81023733152279,-46.340639924735314,42.263689291788495,60.982109230973535,7.468695441309769,65536.0,9423631.38686308,14279.320353489808,84.34076765955467,85.7626865369307,0.6089649674096004,1.5465925276615744,0.12518394167811836,9.216711277491285,9.506194173977956,26.138277118874512,25.87246413122495,3.5441731686609543,12.936232065612472,16.30319657584038,46.25145985102543,0.108856201171875,0.0,0.7003006726550145,127.5,0.7598990008322422,4.0476190476190474,2.9894633719017163,0.7071067811865476,0.7071067811865476,1.414213562373095,1.414213562373095
data/simulated2/surface39.txt,8.011314244046122,10.04313409816463,0.009334868616580401,3.014464540581259,86.29469037184175,240.2814772041458,-40.238094556330005,46.05659581551175,0.0401483251643443,7.372513426468506,65536.0,9608707.840515502,14561.724610161593,84.37165760271901,85.79524044368443,0.6070628870310819,1.5519617251724696,0.11702625281338885,9.283729389440655,9.710286443062012,26.319880563411733,29.512784107169878,3.796966376361034,12.944203555776262,16.395991170649935,40.04073633253458,0.1105804443359375,90.0,0.6708228826632229,42.5,0.7552956876420338,4.0476190476190474,3.007766554615139,0.7071067811865476,0.7071067811865476,1.4253049183783022,1.4253049183783022
data/simulated2/surface4.txt,7.950961126781109,9.985544130240612,-0.008469972008562976,3.0300821782064737,90.00714163091929,251.72793400243248,-45.06995683225409,44.9371847986652,90.02343774819828,7.462596622721227,65536.0,9467460.432323612,14346.198169439105,84.34183760127584,85.76401935511176,0.6120500713097549,1.5359972942860902,0.12561808578494024,9.322188769177378,9.569796461110412,26.10207107296658,28.62227103863234,3.6002856652367683,12.781014111590537,16.561314060089153,45.003570815459646,0.1090545654296875,0.0,0.6684463596845255,127.5,0.7531310668706747,4.0476190476190474,2.988962898747552,0.7071067811865476,0.7071067811865476,1.4197485810096786,1.4197485810096786
data/simulated2/surface40.txt,7.990082025173297,10.01621015707322,-0.004365797555086694,3.015757542252236,84.35772727316225,239.92055978478436,-41.28896557112706,43.068761702035204,58.96878137963317,7.42584715642154,65536.0,9553235.662664268,14477.080784094647,84.37029690251957,85.79587882710166,0.6103083788927893,1.5427931396024264,0.12109234561158592,9.070255696989072,9.46089250825325,26.572684091046103,26.657041818319286,3.711740000019134,12.822374545520667,16.365399090993474,41.166570909303175,0.109405517578125,0.0,0.6865491508762358,85.0,0.686886706424035,4.0476190476190474,2.9944925474144926,0.7071067811865476,0.7071067811865476,2.0,2.0
data/simulated2/surface41.txt,7.966102251522207,10.002974745833114,0.016725153287332373,3.0332841372310595,85.69191883571297,240.04204696590097,-42.40220218041679,43.289716655296175,30.992668418357745,7.516781498189386,65536.0,9460403.65779804,14335.430386044374,84.35615625035169,85.78031879080616,0.6105907368829899,1.553369878557582,0.11695452689518615,9.4423744399472,9.625365455690854,26.136035244892444,26.907262514413873,3.599060591099949,12.853787825356946,16.452848416456884,42.3318079048422,0.10894775390625,90.0,0.7059322867812416,127.5,0.8738714667416396,4.0476190476190474,2.994206368016608,0.7071067811865476,0.7071067811865476,1.4197485810096786,1.4197485810096786
data/simulated2/surface42.txt,8.019918005771657,10.056087504348039,0.0027098930404932287,2.9889018625536927,81.87129433744079,236.75625715572966,-39.292492296899624,42.57880204054116,90.99218378533935,7.465897604744985,65536.0,9631230.107935913,14596.09086293932,84.3862793788173,85.80258398460464,0.6078488488475003,1.5556532223394022,0.11187871964231254,9.040679283108352,9.48206222928175,26.608170659668247,26.03507159930617,3.602336950847395,12.935664505315643,16.701744044837923,39.29822128197158,0.10980224609375,0.0,0.7156082040386224,63.75,0.7752121127457973,4.0476190476190474,2.9957684651501273,0.7071067811865476,0.7071067811865476,1.414213562373095,1.414213562373095
data/simulated2/surface43.txt,8.039509075604661,10.070563503448442,0.017319352766869623,2.9943067139682595,85.88689481663687,242.75260751924662,-40.83127680720969,45.05561800942718,39.03678021415343,7.551936650015659,65536.0,9601495.554613583,14550.719535238011,84.39379330247034,85.81084168999053,0.6152068183892568,1.5438958630604527,0.11172576261902917,9.19079852877402,9.520523901842214,26.62493739315742,28.68622286875671,3.4354757926654784,13.054808012128802,16.49028380479428,40.71038814308588,0.108306884765625,90.0,0.7395925272428193,51.0,0.866558012363337,3.984375,3.007480498535731,0.7071067811865476,0.7071067811865476,1.4253049183783022,1.4253049183783022
data/simulated2/surface44.txt,7.998586830029917,10.022706245086408,-0.005288580100275965,2.9923346624677305,82.50876663045794,226.61580257275546,-44.81431774981961,37.69444888063833,72.00861276200956,7.490131828163965,65536.0,9501663.10642487,14398.387308387559,84.37012872720967,85.77497410274987,0.6108729174672017,1.535842589255122,0.12299350366612141,9.308458189779069,9.375480355368987,26.402805321746534,21.287261790658143,3.630385731740155,12.871367594351433,16.501753326091592,44.71975151370821,0.108734130859375,0.0,0.7225554312546054,127.5,0.70910858258906,4.0476190476190474,2.9942277372141985,0.7071067811865476,0.7071067811865476,1.414213562373095,1.414213562373095
data/simulated2/surface45.txt,7.999281028558658,10.024816591122832,-0.0033762187271164194,3.0202845907713267,87.18767547754138,242.06458351771454,-45.18035863665642,42.00731684088495,61.99554670383544,7.530909801168446,65536.0,9512856.361804694,14415.4668606639,84.37536770712512,85.80514527575914,0.6122346845553732,1.5393020811476408,0.12139324030060358,9.208217991802295,9.349542593955597,26.59224102065011,25.633176590397156,3.6618823700567376,12.72940061972104,16.565658340732863,45.163215897366435,0.109222412109375,0.0,0.6861663194048476,25.5,0.7966438810029282,3.984375,3.014916935610671,0.7071067811865476,0.7071067811865476,1.4197485810096786,1.4197485810096786
data/simulated2/surface46.txt,7.976175680038757,10.003542786438853,0.008166844665902704,3.0127093149467306,82.1612502391047,232.86296718199182,-42.23239746106335,39.928852778041346,0.9580693190021714,7.533591883473158,65536.0,9479968.289723957,14365.283645208674,84.35779950261606,85.78092514609013,0.6088311118640098,1.550401260018151,0.1236095413034051,9.245829827581852,9.651243919953595,26.2916000765135,23.49811756838394,3.615095010520605,12.817155037300338,16.432250047820936,42.23088262289981,0.1082305908203125,0.0,0.7161207727435323,85.0,0.8102304545219015,3.984375,2.998063441361574,0.7071067811865476,0.7071067811865476,1.4253049183783022,1.4253049183783022
data/simulated2/surface47.txt,7.936136678156338,9.945768312268335,-0.006566324697134501,3.0020759950169356,82.9032585204593,225.35164749063475,-44.13002973985697,38.77322878060233,55.037502852639435,7.422869689020801,65536.0,9363355.208457489,14187.346204311354,84.32975821897189,85.74658726463595,0.6130454143987409,1.54009471289647,0.11578268054819532,9.05750434366168,9.413943728596577,26.11452643394468,22.549686317564927,3.647743374900209,12.601295295109814,16.414845187050943,44.10453353288435,0.10845947265625,0.0,0.7201725094428656,51.0,0.8252195139533329,3.984375,3.0192287007886414,0.7071067811865476,0.7071067811865476,1.4197485810096786,1.4197485810096786
data/simulated2/surface48.txt,8.015959546290414,10.037571016288531,-0.012456416920996416,2.985266476050868,87.27318089317669,245.95993257108768,-44.90040850373143,42.37277238944526,0.9976086345720377,7.546277756593766,65536.0,9566698.665188402,14497.623695661014,84.382193895047,85.80321171159869,0.6068697171534908,1.5473662381043825,0.12078464956064319,9.087582426584884,9.651589477693902,26.618320172418887,25.832861544380293,3.665473597513426,12.916430772190147,16.581904369703572,44.85841497909282,0.109130859375,0.0,0.6808781504274648,17.0,0.8578445562018531,3.984375,3.005836300942261,0.7071067811865476,0.7071067811865476,1.4197485810096786,1.4197485810096786
data/simulated2/surface49.txt,7.973081836631823,9.982170623040641,-0.02455018842039176,2.9760676048601438,82.7293540224209,229.03763756555497,-42.638433399718224,40.09092062270268,75.02552731241649,7.474483006860033,65536.0,9378045.630688189,14209.762009717084,84.35311981765749,85.78366112339651,0.6137259424932225,1.5352008711326968,0.12145215835724618,8.99720415781915,9.469965562120693,26.47339328717468,23.826053958457223,3.4746328689416757,12.90577922749766,16.380412096439343,42.52288796752435,0.109649658203125,0.0,0.7264099737879646,85.0,0.6676043460877815,4.0476190476190474,2.9980923033088738,0.7071067811865476,0.7071067811865476,1.414213562373095,1.414213562373095
data/simulated2/surface5.txt,7.974651854624282,9.992024594628232,-0.0030626915002698696,2.9862889018893624,88.79952793720179,244.35502538318337,-42.15182447596439,46.6477034612374,87.96867727776288,7.474695621568172,65536.0,9506416.386556061,14405.64023827524,84.3563670484047,85.79246925096312,0.6138261449785575,1.536605466770878,0.12456157750010817,9.27728697163795,9.589728268588656,26.19586074147453,30.369438554523008,3.5519811174880758,12.787132022957053,16.516712196319535,42.09097624223365,0.1084442138671875,90.0,0.7152424612117392,42.5,0.8740663928565732,3.984375,3.004494749997245,0.7071067811865476,0.7071067811865476,1.4197485810096786,1.4197485810096786
data/simulated2/surface50.txt,8.00552198922361,10.044091489194276,0.02485847077965166,3.019295981574126,88.91923302605474,239.34561118847,-45.67268186832632,43.24655115772841,21.96865896277658,7.4826606949045305,65536.0,9554056.01138262,14478.33253689975,84.36389451046468,85.78416416009509,0.6061326462352292,1.5642579334955475,0.11137633765661917,9.60420993455848,9.610461046018441,26.231173742686146,26.675769907816417,3.7346077870942977,12.982208021803991,16.361138876794072,45.52664730934003,0.11004638671875,90.0,0.6467176084489232,255.0,0.7229310125630463,4.0476190476190474,2.9905615514370845,0.7071067811865476,0.7071067811865476,1.414213562373095,1.414213562373095
data/simulated2/surface51.txt,7.940097472646141,9.970663385573074,-0.010500221803612824,3.025409492806857,85.5353474104129,233.93502746352956,-43.006764929779266,42.528582480633624,45.008180715100245,7.439632906596896,65536.0,9363022.439822843,14186.838439671086,84.33064853696297,85.75639925097478,0.6096487886206998,1.5500271271471315,0.12078287410995449,9.363382672568882,9.712549741884821,26.08828096017593,26.173816307586343,3.592484591237337,12.830302111561934,16.42278670279928,42.938744400027275,0.10882568359375,90.0,0.662455844426718,18.214285714285715,0.8186925752458422,4.0476190476190474,2.996014806859488,0.7071067811865476,0.7071067811865476,1.414213562373095,1.414213562373095
data/simulated2/surface52.txt,7.954185892728441,9.982045886311527,-0.0047176344192987425,3.027890829138513,89.42152457174022,252.3764612087876,-46.44207935189969,42.97944521984053,99.00041655528437,7.46800448466339,65536.0,9446676.00686351,14314.483653051011,84.35938647257247,85.78416529192651,0.6112018884461257,1.5381585948835845,0.1235986446262234,9.27855672886708,9.511461733087174,26.379349748663365,26.64761432237858,3.5768609828696114,12.876699538330591,16.453560521200203,46.32034972816144,0.1097412109375,0.0,0.7076062252741322,31.875,0.8694171892781675,3.984375,3.0079110592939227,0.7071067811865476,0.7071067811865476,1.414213562373095,1.414213562373095
data/simulated2/surface53.txt,7.945718247323711,9.968988960472307,-0.0002035662817001327,3.022178554508531,82.92724435704608,242.21072731021792,-40.83989873712383,42.08734561992225,11.058568861177712,7.407873623919783,65536.0,9402050.129088394,14246.389967481071,84.32656317863588,85.75850628401172,0.6148366263022148,1.538246881272519,0.11895411459132203,9.11157095213118,9.425076318917728,26.122081972469505,25.873300239398382,3.482944262995929,12.770795630985099,16.253739893981034,40.800204223666675,0.1096343994140625,0.0,0.6918564446152918,36.42857142857143,0.7298479458407875,4.0476190476190474,2.9867232870025946,0.7071067811865476,0.7071067811865476,1.414213562373095,1.414213562373095
data/simulated2/surface54.txt,7.957450069131571,9.986780901057655,0.0019133328661975933,3.0418104135850306,84.02686385200974,234.97334322052333,-43.01256886809139,41.014294983918354,38.976140387941015,7.439625097381058,65536.0,9456322.04834892,14329.20234428241,84.34936261858566,85.77750733994309,0.6122953901159278,1.5541256735612363,0.11212198620748036,9.334593509858665,9.441913784949406,26.468462113383048,24.70389797249087,3.6971820094884293,12.604029577801462,16.46926531499391,43.021754292228984,0.1096954345703125,0.0,0.6744936026065793,63.75,0.7850936588100899,4.0476190476190474,2.9967469199386976,0.7071067811865476,0.7071067811865476,1.414213562373095,1.414213562373095
data/simulated2/surface55.txt,7.964777630413682,9.997653147673523,0.010033038935316962,3.0040807994173107,95.05605269193691,257.06728592156844,-43.31527458586077,51.74077810607615,77.00687025522767,7.566103053130312,65536.0,9529665.734939069,14441.115928556928,84.36617839413651,85.80133224197715,0.6103600736437809,1.5375647545537094,0.12296994496245488,9.122514707015274,9.407288666308965,26.140414490282637,35.36085160140054,3.612130002293604,12.927623166103416,16.34964106301315,43.15544792213936,0.109649658203125,90.0,0.6484897463877282,51.0,0.7947704375133167,3.984375,3.0129529532953634,0.7071067811865476,0.7071067811865476,2.0,2.0
data/simulated2/surface56.txt,7.94469280947156,9.974198179991003,0.0004924640069495167,3.0191325292124147,87.79710294052441,243.04236897685252,-40.674304480615184,47.122798459909234,74.01580753555866,7.435000314132102,65536.0,9390542.924994862,14228.831367484836,84.34507718108935,85.77360441397325,0.6084123642464714,1.5526858847832545,0.11531656541748912,9.27106331868684,9.443052626659044,26.339130882157313,30.728986029183552,3.6874783235020274,12.818377029316558,16.33026114693754,40.56226155852228,0.108428955078125,90.0,0.6805922625625176,85.0,0.7886635213039257,3.984375,3.0041688798827266,0.7071067811865476,0.7071067811865476,1.4197485810096786,1.4197485810096786
data/simulated2/surface57.txt,7.985020502585114,9.995346636434366,-0.009572841277280534,2.9856600299958056,86.6656513890788,253.18044439871275,-39.84565017288347,46.82000121619534,72.04268672811443,7.422991322169144,65536.0,9484430.59414937,14372.092581404679,84.34792787938949,85.78702063741855,0.612696787521453,1.5406179494484677,0.1136991416897728,9.034791678152615,9.417929134587958,26.433023673669037,30.506309288955734,3.639957358341313,12.653185102805509,16.63980506670313,39.86619963897625,0.110260009765625,90.0,0.6323552962361572,127.5,0.808733588407472,3.984375,3.012740771291105,0.7071067811865476,0.7071067811865476,1.414213562373095,1.414213562373095
data/simulated2/surface58.txt,7.952840674118191,9.975690221465683,0.010633406844619761,3.004450108143537,85.02422753013336,249.32191387388062,-40.30107171928539,44.72315581084797,90.99279774370599,7.485166870940572,65536.0,9433770.126113608,14294.790841848157,84.34584921836911,85.78629630266231,0.6047664336967524,1.554082793060856,0.1219840671172436,9.237935269083758,9.455161687960619,26.357510534341326,28.228043540004272,3.74106601132587,12.92368258458027,16.324651685785607,40.13143539422295,0.109649658203125,0.0,0.6853924292405523,51.0,0.7674316084916509,3.984375,3.010712331463968,0.7071067811865476,0.7071067811865476,1.414213562373095,1.414213562373095
data/simulated2/surface59.txt,8.013191341948845,10.054600519190673,0.0062840549186367065,3.0263287798587064,82.10430489430453,236.32505149756963,-41.49469661127855,40.609608283025985,0.02645289361687602,7.451218829468656,65536.0,9629963.401015943,14594.158021569738,84.37115256396343,85.8108930624912,0.6104447533117979,1.54847603467088,0.11197725847197694,9.359826007399981,9.516972701870431,26.27337756617745,24.13866563892553,3.7767980251380067,12.80827156351151,16.420860978860908,41.380569666729485,0.10931396484375,0.0,0.6933309227019033,85.0,0.8014579406779064,4.0476190476190474,2.9960837867455377,0.7071067811865476,0.7071067811865476,2.0,2.0
data/simulated2/surface6.txt,7.966731053463677,9.982856075964898,0.01958704903947964,2.9911228118663153,86.47561492638019,241.81858200103426,-38.77473885088233,47.70087607549786,81.98575518580289,7.4609122534068355,65536.0,9486093.720220717,14374.630310395381,84.35332371528834,85.77655258193066,0.6088331165421133,1.5528196927303928,0.11644055385068836,9.254842139317367,9.483167973268818,26.37506255254594,31.304172603349627,3.6319758269079685,12.971342238957028,16.257415606159476,38.568124257165564,0.109344482421875,90.0,0.697427375238803,51.0,0.7985644978316367,3.984375,3.004604475609337,0.7071067811865476,0.7071067811865476,2.0078276984238443,2.0078276984238443
data/simulated2/surface60.txt,7.982086749634154,10.016507385845406,-0.01561971820059402,3.015482057271628,85.56087593464422,246.1952679010809,-41.9443662071408,43.61650972750341,27.948071441862073,7.41551714755165,65536.0,9530623.49563225,14442.57735539589,84.35247057661547,85.79789186671496,0.6104592330840821,1.542927684635916,0.11662393002570125,9.030954084990956,9.771777363410497,26.523871539739705,27.20835854721686,3.5935567892550537,12.834131390196632,16.598809931320982,41.92482920797567,0.1101531982421875,90.0,0.6706243970230567,36.42857142857143,0.8436581462454568,3.984375,3.0099949183846206,0.7071067811865476,0.7071067811865476,1.4253049183783022,1.4253049183783022
data/simulated2/surface61.txt,7.952825053913735,9.966760169989081,-0.001151149204329488,2.9922492685404833,82.91287564883491,236.7630261603863,-41.86642507820608,41.046450570628835,90.01648171929207,7.422389675054103,65536.0,9403454.662062712,14248.533114719714,84.327099787057,85.75796510161179,0.6100200666575214,1.5381760662330648,0.12256757153366372,9.076269085252802,9.538671560706826,26.53212020762716,24.708036943352802,3.6481665285487352,12.768582849920577,16.416749378469316,41.7880893270128,0.10919189453125,90.0,0.7195560539531438,85.0,0.8184193600858353,3.984375,3.0176708116962163,0.7071067811865476,0.7071067811865476,1.414213562373095,1.414213562373095
data/simulated2/surface62.txt,7.961417465269973,9.977242615268766,-0.0046461135083869206,2.994102657914531,87.03439142599024,241.93770002943,-44.54300813953628,42.49138328645395,93.04694938167692,7.476851970937123,65536.0,9474963.762688912,14357.647342970142,84.35283416013469,85.77778806748877,0.6090716380336206,1.546526153212361,0.11955162863427579,9.311186841318028,9.448206080038155,26.110317427797067,26.11031742779707,3.655444439891596,12.70702114819457,16.536534370938146,44.561608410107,0.1086273193359375,90.0,0.6720643798521407,255.0,0.6964110409612866,3.984375,3.000725255510413,0.7071067811865476,0.7071067811865476,2.0078276984238443,2.0078276984238443
data/simulated2/surface63.txt,7.974527459977308,10.007981002656987,-0.00946353802151826,3.0422783519988625,101.10772605529732,245.72820333582484,-56.646369086243325,44.461356969053995,45.03822865921699,7.471897704284146,65536.0,9560861.113273598,14488.716298330075,84.3596626965939,85.78540407153379,0.6119813260796176,1.5351289266590828,0.12559714017138882,9.22205726786388,9.563682715533977,26.28800877437729,28.107947843372656,3.6398781379907064,12.739573482967458,16.581667073068765,56.6203265909665,0.109619140625,90.0,0.7224736944057811,51.0,0.8248847050146685,3.984375,3.013067337237561,0.7071067811865476,0.7071067811865476,2.0078276984238443,2.0078276984238443
data/simulated2/surface64.txt,7.9700387675987425,9.9888181835342,-0.009884706857730918,2.999567740605374,88.72470125378138,249.74945075988109,-40.80510769184918,47.919593561932196,51.99461890712277,7.386982406950199,65536.0,9470566.819510376,14350.938140122034,84.34762777526568,85.78259848540424,0.6115503156167404,1.5408506618827507,0.11873311601807086,9.050122330176587,9.483103558797946,26.173786869865495,31.585993646346168,3.7264374526588213,12.598907578036957,16.502794433203334,40.81336257673943,0.1091461181640625,90.0,0.6834836784862873,10.625,0.9098083322748814,3.984375,3.0129895575383907,0.7071067811865476,0.7071067811865476,1.4197485810096786,1.4197485810096786
data/simulated2/surface65.txt,7.942617656721206,9.9636054750169,-0.009934234652686518,3.036049976858292,92.08810538626179,252.55272731115178,-41.70117403824328,50.38693134801851,91.03260293083696,7.389095954733972,65536.0,9395231.175667543,14235.985070293493,84.33757301602766,85.76409602590338,0.6177004974945518,1.5306042470982573,0.12074484897047819,9.074968847908734,9.384708047005931,26.24511003508459,34.256775203689386,3.499348004677948,12.708158543304123,16.391682758754598,41.62382363459033,0.1096343994140625,0.0,0.6992613453230967,42.5,0.7949743998954124,4.0476190476190474,3.0027878486254003,0.7071067811865476,0.7071067811865476,1.414213562373095,1.414213562373095
data/simulated2/surface66.txt,7.9807718989283,10.007093754931864,0.0050470048925078245,3.021850415979857,84.7883768458438,245.17565563871037,-42.424820174078015,42.36355667176578,21.985308016665897,7.4688257816922485,65536.0,9506047.733773233,14405.077718770193,84.35200698586281,85.77497320056959,0.6095080254210979,1.5445153493111619,0.11822603796400823,9.2568447078823,9.497961681823229,26.28439682221156,25.945243314828197,3.73068858121713,12.718256526876566,16.4489451080937,42.3941884229219,0.10888671875,90.0,0.6802554555760401,85.0,0.7331377567698251,4.0476190476190474,2.993730528628747,0.7071067811865476,0.7071067811865476,1.4197485810096786,1.4197485810096786
data/simulated2/surface67.txt,7.983800440521505,10.015125725143777,-0.002247725281801035,3.0108552837866602,86.25037506619509,230.83230049987503,-47.22160224031181,39.02877282588328,8.933922919620892,7.463645424369487,65536.0,9496098.661162164,14389.896638736212,84.36432594077766,85.79076982912636,0.6095197692327098,1.5367262509880146,0.12616323099778143,9.21682977985877,9.655654128967646,26.306364395189497,22.59759826734311,3.6225157527801954,12.937556259929266,16.387571262577065,47.09270478614252,0.1098480224609375,0.0,0.6882603722352796,63.75,0.829384948474619,3.984375,2.9963536632481813,0.7071067811865476,0.7071067811865476,1.414213562373095,1.414213562373095
data/simulated2/surface68.txt,8.00938064008545,10.03256502458463,-0.006966662226123727,3.010432092609517,84.89129875456385,244.6129027622238,-43.4566214322768,41.434677322287044,7.985345745979793,7.50647826214551,65536.0,9554272.70343509,14478.663182731765,84.38028853800948,85.80058262869976,0.6152361275155084,1.542624685781002,0.11378173778520173,9.23762995295479,9.651901971207208,26.3163026139148,25.127824431350895,3.5654345476916802,12.733694813184577,16.638694555894514,43.46434496233669,0.1093597412109375,90.0,0.6958793784407693,63.75,0.873146411807813,3.984375,3.0092530218429023,0.7071067811865476,0.7071067811865476,1.4197485810096786,1.4197485810096786
data/simulated2/surface69.txt,7.990581435785323,10.012331944326524,-0.004178967002690435,3.0097914871371554,104.03674133343937,254.84099579361106,-50.377671924367974,53.65906940907139,51.02694314585394,7.482662508719932,65536.0,9497300.789926434,14391.730941660207,84.35601148857839,85.78366687335449,0.6099904457406494,1.540503052054642,0.12521550964731462,9.07969386824914,9.49273254188288,26.52936904002702,37.2451533973713,3.7453226880038173,12.692482442679598,16.6458786133503,50.353782805384654,0.109222412109375,90.0,0.7282726605369363,127.5,0.6974135096892966,4.0476190476190474,2.988631360243985,0.7071067811865476,0.7071067811865476,1.414213562373095,1.414213562373095
data/simulated2/surface7.txt,7.915207181863936,9.939797045310296,-0.020804461717730694,3.0286607079900585,87.94034849384185,251.9742636436996,-40.749458813666536,47.19088968017532,2.9537791176911234,7.3069871508906195,65536.0,9374203.710799806,14203.8997051999,84.30388446266048,85.75110091545625,0.6122115187780133,1.5421263577279667,0.11932223749398045,9.023114270169444,9.628232274054806,25.942402805683344,30.955002669832332,3.693494636741356,12.663410183113228,16.356904819854584,40.628441004154936,0.10955810546875,90.0,0.6635918828940889,12.75,0.8538907237036815,3.984375,3.007135874243591,0.7071067811865476,0.7071067811865476,1.414213562373095,1.414213562373095
data/simulated2/surface70.txt,7.979131460298639,10.008325567729456,0.0017643791733049263,2.9906981445091105,87.2652978033896,232.968683737172,-45.84362124395909,41.42167655943051,95.96084312156654,7.4790181441532555,65536.0,9424579.322739132,14280.766788847552,84.35671975557226,85.77657965964916,0.6078988279845426,1.5450660401632366,0.12189664147118548,9.077585483372387,9.769757207082232,26.179589341016857,24.95787517176943,3.6651425077423596,12.915264074901664,16.58040658264402,45.72701604897615,0.1089324951171875,0.0,0.6930834011289743,63.75,0.793750043154564,4.0476190476190474,3.0001607924090217,0.7071067811865476,0.7071067811865476,1.414213562373095,1.414213562373095
data/simulated2/surface71.txt,7.982596306054729,9.988131445688325,0.002532117986444513,2.982225067794746,90.29692620301948,231.33958516657705,-46.67763616813133,43.61929003488815,69.046422828095,7.4301704038453,65536.0,9417727.235975128,14270.311334190563,84.34003491704705,85.7737852044423,0.6109091508581082,1.5459319662294269,0.12304448444853412,9.043903572442188,9.243585769598736,26.63759322989074,27.269671713311887,3.611877048120782,12.822163520828767,16.43404056894954,46.593213920758046,0.1084747314453125,90.0,0.7002249392129474,255.0,0.7928682043730567,4.0476190476190474,2.98568207651397,0.7071067811865476,0.7071067811865476,1.414213562373095,1.414213562373095
data/simulated2/surface72.txt,7.961668652962796,9.979914377144695,0.01498476444052298,2.9863619642102677,84.23090580502017,235.44316643993528,-43.12647704341538,41.1044287616048,32.96752726429683,7.420240072123778,65536.0,9435551.250377834,14297.508621792349,84.32113614797068,85.76547511007801,0.6107455982365146,1.5569441055830775,0.1110123215283368,9.204690845920322,9.472884686647115,26.11158079955624,24.763886306675936,3.537698043810849,12.97155949397311,16.34079572617391,42.95776196056028,0.109222412109375,90.0,0.6872872757074819,10.625,0.8725449661396202,3.984375,3.015359456126191,0.7071067811865476,0.7071067811865476,1.4197485810096786,1.4197485810096786
data/simulated2/surface73.txt,7.943340931243132,9.951211994541174,0.008613865698736746,2.9919722475393598,86.38093783584173,247.935814818712,-40.41939662104896,45.961541214792774,26.996349379401597,7.382838727056579,65536.0,9367329.912239192,14193.411120970446,84.30366535121608,85.74653837625478,0.6060694395909221,1.5546726750025843,0.115906496577021,9.105496913252543,9.23115879612134,26.346186039931712,29.542280739857873,3.627999389105355,12.957140675376259,16.239616313138246,40.25351703150225,0.10931396484375,90.0,0.6528451108369765,10.625,0.8506823575765106,4.0476190476190474,3.0040279476410845,0.7071067811865476,0.7071067811865476,1.4197485810096786,1.4197485810096786
data/simulated2/surface74.txt,8.004317174197155,10.026165606496969,0.00123565163437434,3.0034486935794997,96.65921353300511,249.5733450765231,-48.951080161038576,47.70813337196654,40.87077749677669,7.494951950690103,65536.0,9579319.13713866,14516.88100759683,84.3626155674963,85.78789072878456,0.6117041048256212,1.5403897299215032,0.12094186499635175,9.167545085214293,9.595968639212815,26.581283721576398,31.317585184693655,3.6730501142541954,12.952334613422686,16.43206630061087,48.71624362063458,0.1091156005859375,90.0,0.6697243021177689,85.0,0.6841558707827634,4.0476190476190474,3.0014672949402375,0.7071067811865476,0.7071067811865476,2.0,2.0
data/simulated2/surface75.txt,7.977912128403997,9.991261945293227,-0.016236443039187504,3.0011276035360015,87.51257182551304,232.61384318162317,-45.39435515885762,42.118216666655414,3.9966370539460376,7.454416397399162,65536.0,9462527.029000109,14338.670393371749,84.33946362432462,85.78188223979082,0.6096128263691593,1.5439852015322395,0.11784533324773391,8.990698928754552,9.553948707481844,26.253771547653898,25.72869611670084,3.6755280166715423,12.776835486524902,16.45236350319645,45.33151220561575,0.10931396484375,0.0,0.6944119004335042,19.615384615384617,0.8638811812230521,3.984375,3.005995737949643,0.7071067811865476,0.7071067811865476,1.4197485810096786,1.4197485810096786
data/simulated2/surface76.txt,7.9690985463074195,9.97968376216827,0.01327254416448577,3.003518782587579,80.12909790651085,235.52182798480578,-39.05010030855747,41.078997597953375,74.97367602035324,7.515869819816265,65536.0,9450306.548051773,14320.023419268451,84.35092562345086,85.78491313051958,0.6085456725716698,1.5546768836437177,0.11403274387375917,9.309048440934902,9.454156715138298,26.44260230914858,24.67976215520534,3.6859385036994965,12.820655665041734,16.346335972928216,38.942741582564274,0.1095428466796875,0.0,0.7177286634873535,85.0,0.8624926211263451,4.0476190476190474,3.003973545246608,0.7071067811865476,0.7071067811865476,1.4197485810096786,1.4197485810096786
data/simulated2/surface77.txt,7.989183585986635,10.010751876136586,0.0005072680885831942,2.9960537802249365,84.30719777079497,234.13632212628895,-41.48506744275226,42.82213032804271,33.98120034378735,7.480597599588444,65536.0,9465482.207072278,14343.179637256284,84.35182716769677,85.77966816243199,0.6122907518332957,1.5392499880492072,0.12282631258684555,9.31424751605506,9.622096055230912,26.55676729780041,26.472460100029622,3.7095167019149784,12.646079665619247,16.524210763075814,41.479141303231124,0.1088409423828125,90.0,0.7245627253467025,255.0,0.789001180460098,4.0476190476190474,2.9983689733584247,0.7071067811865476,0.7071067811865476,1.414213562373095,1.414213562373095
data/simulated2/surface78.txt,7.967612252378883,9.997647885917793,0.015318614964323095,3.012632168918725,92.06624631155591,251.61636998952122,-40.71971625270121,51.3465300588547,50.987937579688534,7.481719156346949,65536.0,9481047.01088286,14366.92964307077,84.35738531497309,85.77294231285579,0.6110525071730267,1.5501805233399715,0.11814964391134378,9.23105286337233,9.543523993620305,26.23888019879344,34.98517359839124,3.682649852462241,12.705141990994711,16.571924336080066,40.69328086970771,0.1089935302734375,0.0,0.7268442162686818,9.107142857142858,0.8355518843431013,3.984375,3.0104424248217176,0.7071067811865476,0.7071067811865476,1.414213562373095,1.414213562373095
data/simulated2/surface79.txt,7.957730689996019,9.980202192453248,0.007365426973605128,3.0187647990462505,80.44628717528329,237.99971923476028,-39.67789435870706,40.768392816576224,82.00523723354102,7.4557491440469486,65536.0,9463470.260195931,14340.10964995717,84.33560561193194,85.77301716940697,0.6118048532305711,1.5496298274648572,0.11464807341135982,9.445005733618558,9.534309950901024,26.145043331967063,24.45567130128611,3.539636635712462,12.871405948045329,16.41104258375779,39.57957329023938,0.1093292236328125,0.0,0.7036163430462945,25.5,0.8314601718564403,3.984375,3.0106796863292007,0.7071067811865476,0.7071067811865476,1.4253491022343006,1.4253491022343006
data/simulated2/surface8.txt,7.986206343000779,10.006542586774874,0.016730050501761545,3.018138165028534,89.67643816975783,238.76557443069973,-49.337298124881116,40.339140044876714,61.007935747869766,7.437508518246082,65536.0,9501068.822904794,14397.48050369994,84.35083183200386,85.7883888485141,0.6136778980805774,1.5497735167104931,0.11214289342804507,9.347555241773847,9.510255838677534,26.454549260078565,24.033285429495095,3.5870575267903178,12.913407096445127,16.321111746895923,49.14268811702729,0.10968017578125,0.0,0.698183043833021,127.5,0.7400998715961151,3.984375,3.0115486408636922,0.7071067811865476,0.7071067811865476,1.414213562373095,1.414213562373095
data/simulated2/surface80.txt,7.974719750727317,10.003630710925641,-0.006788740888325585,3.0134767549354846,89.87169104071674,242.52729288941134,-48.380820463197786,41.49087057751895,53.86844120297171,7.471896001022572,65536.0,9522766.588601157,14430.588666688778,84.357380831918,85.7920239995021,0.6127123806439139,1.5438242362027865,0.11754870250358596,9.062811017957907,9.49091335631109,26.51214885701144,25.16407349140068,3.5948676416286744,12.761780127781776,16.536391151491877,48.350969779905604,0.109405517578125,0.0,0.6730380809725378,12.75,0.8617577931615249,3.984375,3.017444662269384,0.7071067811865476,0.7071067811865476,1.414213562373095,1.414213562373095
data/simulated2/surface81.txt,7.9808491343688495,10.002058559776389,0.0011139108843660054,3.022486301956249,86.45310081421758,237.2805852847897,-45.2632822996812,41.18981851453637,14.026491874278866,7.478452056247025,65536.0,9518608.695279513,14424.244224974842,84.35343706544401,85.7868323317768,0.6139499558847914,1.5456555159126375,0.11393528312447386,9.14901678768736,9.27882314595531,26.368195748336362,24.898493034494656,3.6310302341971408,12.795058920504204,16.2531829530729,45.12851862502157,0.10955810546875,90.0,0.690643868152499,31.875,0.8426123648459399,3.984375,3.0054624666772183,0.7071067811865476,0.7071067811865476,2.0,2.0
data/simulated2/surface82.txt,7.9786975728081035,9.992195303575027,0.015717877573717683,3.0122883130031775,79.17813303706743,237.29656754736703,-37.89177203653714,41.286361000530285,0.04649809376965111,7.461082097577017,65536.0,9458241.789746333,14332.131637186178,84.34751507738675,85.76932486901958,0.6142967977728014,1.5467877194401216,0.11202916959763883,9.365357581651857,9.576142198456921,26.524674567417588,25.020290039713302,3.6421941197051027,12.668501285930788,16.310695405635894,37.84714759171823,0.1082305908203125,90.0,0.6486985132795003,255.0,0.7906771069568783,4.0476190476190474,2.9921343685238266,0.7071067811865476,0.7071067811865476,1.4197485810096786,1.4197485810096786
data/simulated2/surface83.txt,7.941734365921539,9.964123166439544,0.0023889172382922323,3.028613902784428,83.04573124460828,238.30085428724541,-40.954725859303,42.09100538530528,52.02253928615631,7.50800472739475,65536.0,9439565.34568615,14303.633645150987,84.34799367114397,85.77159188702939,0.6158015559181436,1.538731411094758,0.11743721827240038,9.337738536625956,9.722303118441008,26.159405342051603,25.910268148317783,3.4879207122735494,12.789042611669672,16.44305478643244,40.85849977234727,0.1092376708984375,0.0,0.670596410060318,18.214285714285715,0.81608956552089,3.984375,3.011371147500335,0.7071067811865476,0.7071067811865476,1.414213562373095,1.414213562373095
data/simulated2/surface84.txt,7.990507019452954,10.010795355973851,-0.0020571895563416855,2.9857114151268034,85.29818529614697,238.51874437787524,-44.320429999614774,40.977755296532195,59.99539071307179,7.47987416846276,65536.0,9492450.175131306,14384.32949086198,84.35520420963755,85.79428685236103,0.6099725697396986,1.5459693136061643,0.11694426433756289,9.215345350205206,9.397379293362546,26.44243744180555,24.565877365290326,3.7531201530304656,12.624131423829752,16.547847947452514,44.355056353996424,0.10992431640625,90.0,0.6444027137526817,42.5,0.7277058581757766,4.0476190476190474,2.992997631929131,0.7071067811865476,0.7071067811865476,1.414213562373095,1.414213562373095
data/simulated2/surface85.txt,7.961716686721328,9.97642364242457,-0.014303078469318688,2.9848181556124427,85.92944103097608,239.82399559302195,-44.08613469529023,41.84330633568586,26.04288884902249,7.399950537216051,65536.0,9438222.600457685,14301.584778530403,84.33496418948583,85.77682712622992,0.6144505473418447,1.5352174436852624,0.12346257341703575,9.160201662287562,9.519421997376547,26.208479514447696,25.606973427230876,3.437177641239046,12.889416154646412,16.498452677947405,43.99587380785975,0.1094970703125,90.0,0.698180230318362,255.0,0.8415593122440805,3.984375,3.0018390610144863,0.7071067811865476,0.7071067811865476,1.4253049183783022,1.4253049183783022
data/simulated2/surface86.txt,8.009986040053215,10.045179381994906,0.0051343668033720135,2.98941245798388,88.26590412075937,240.4925013033272,-44.42657452929164,43.83932959146773,25.998767843395537,7.441317263756989,65536.0,9621244.963711822,14580.854741991916,84.36137186189305,85.795114559299,0.6096522889740589,1.541796063239931,0.12374776945602928,9.420143528937095,9.34998585814295,26.4797712362278,27.362430277435408,3.707167973071897,12.886822001630868,16.593989974702758,44.3094838686212,0.1096038818359375,0.0,0.7063610464177821,255.0,0.7106461618233371,4.0476190476190474,2.993638486020308,0.7071067811865476,0.7071067811865476,2.0156855460876724,2.0156855460876724
data/simulated2/surface87.txt,7.977319954311396,10.008242512525744,0.00850019393046477,3.0044877467439584,86.90493048254905,244.1969734949286,-42.36266357762856,44.542266904920496,83.99692771071022,7.458390040893584,65536.0,9591969.01312182,14536.183186526214,84.36303046283196,85.78635051581936,0.6108147759857495,1.542985312199323,0.11903997976994118,9.281647035719198,9.588308605357447,26.506003797177456,28.1571974763459,3.6500070802670592,12.861929711417261,16.511936791684317,42.235796214518835,0.1103363037109375,90.0,0.7012668189637759,127.5,0.6868308495479772,3.984375,2.9995723203816302,0.7071067811865476,0.7071067811865476,2.82842712474619,2.82842712474619
data/simulated2/surface88.txt,7.994470885121478,10.017302201211903,-0.009732766530165098,3.001187623958613,86.34733463148044,236.99013612378343,-43.01348852338271,43.333846108097724,57.99371958495648,7.516955549991609,65536.0,9542760.765695175,14461.097359764366,84.36220284802653,85.79410930548012,0.6110541266867621,1.5443325881043304,0.11595219482125614,9.317257462659969,9.668147341341257,26.33593706260152,26.9403684050219,3.6265880545221734,12.779405525459104,16.578688249244244,43.00097264647726,0.10845947265625,0.0,0.6770409457654399,51.0,0.7826034291531829,3.984375,3.000155750267582,0.7071067811865476,0.7071067811865476,2.0156855460876724,2.0156855460876724
data/simulated2/surface89.txt,7.954228261661287,9.94983814398177,0.0004967803525198985,2.992425109281936,90.8250430611935,251.0153691161869,-42.459362824928306,48.36568023626519,74.97691372577768,7.378487688283972,65536.0,9379403.220780944,14211.833527802955,84.3204690452287,85.76521178111965,0.6136717905612835,1.538748064858712,0.12021442748707567,9.204797189036087,9.21424372451063,26.339262487746105,32.15206524366249,3.6330017224477444,12.715506028567091,16.34850775101483,42.32447006651617,0.108367919921875,90.0,0.7054173667925134,255.0,0.8269229070829966,4.0476190476190474,2.99270144014276,0.7071067811865476,0.7071067811865476,1.4197485810096786,1.4197485810096786
data/simulated2/surface9.txt,7.956541149825475,9.984038753206892,0.016763418199648304,3.026768719577945,89.3211167101964,241.9705240270108,-37.03223989509252,52.28887681510389,18.996214813366795,7.420467416259293,65536.0,9425949.82160272,14282.858004154543,84.35144853235175,85.77384851005115,0.6094596521217681,1.5495453205578849,0.1147297955606911,9.293086516897727,9.43291184071198,26.349729429507935,35.90708891749896,3.751486901828251,12.683598572847892,16.435085474676136,36.97894231802131,0.1094512939453125,0.0,0.734319457348556,63.75,0.8804004520019046,3.984375,3.0106734919463283,0.7071067811865476,0.7071067811865476,1.4253491022343006,1.4253491022343006
data/simulated2/surface90.txt,7.98421180042436,10.022190178042196,-0.002708040848720805,3.034531549406307,87.17828817845236,242.37211045916112,-45.466110806983416,41.712177371468954,40.990278280097414,7.47026250685996,65536.0,9512112.230869124,14414.331406965826,84.35946166401996,85.7864504215692,0.6099757256065468,1.545893297428383,0.11876175287811988,9.263314722586385,9.728790850470519,26.153486453535706,25.281703571751194,3.661488103495003,12.902386650410946,16.389518177549043,45.332709852795226,0.1086273193359375,90.0,0.6893270374824562,51.0,0.7915094765878556,4.0476190476190474,3.0008006120848982,0.7071067811865476,0.7071067811865476,1.414213562373095,1.414213562373095
data/simulated2/surface91.txt,7.937485790895003,9.968780409461804,0.01361609185810825,3.02392344994756,84.50707929917417,242.46478975879108,-40.34195685834017,44.165122440834,31.989339008787425,7.426609353267076,65536.0,9413946.507503415,14264.542400365317,84.33390647600952,85.75750934160513,0.6061227806261259,1.557119832978474,0.11545034091313315,9.258868357586657,9.534095542204817,26.197194582743975,27.71832201012912,3.7183114891636677,12.845076053474472,16.39437338403979,40.225369746406905,0.1098175048828125,0.0,0.6638705110460675,11.08695652173913,0.839502650491207,3.984375,3.0210410568306494,0.7071067811865476,0.7071067811865476,1.414213562373095,1.414213562373095
data/simulated2/surface92.txt,7.939119244758435,9.944076933967171,0.002964544120104077,2.9801834028790926,80.3145369031862,229.71440624096073,-39.192586387438176,41.121950515748026,18.006678396581417,7.418083713949153,65536.0,9382238.953586554,14216.160512674796,84.32715263182432,85.7680644369861,0.6129070979278639,1.5491000761167912,0.11280757610278071,9.290078471941797,9.513371788311904,26.102224493535516,24.897506439987723,3.5338396237401923,12.689696830703419,16.54479460205636,39.19349400875487,0.1093902587890625,0.0,0.6405958821274929,6.219512195121951,0.9013859103484119,3.984375,2.9978068363219665,0.7071067811865476,0.7071067811865476,1.414213562373095,1.414213562373095
data/simulated2/surface93.txt,7.992449388148071,10.01489968812871,0.012532595461975634,3.001560662245365,79.64586675322121,234.77909558950643,-39.797098942500284,39.84876781072092,18.991597633307208,7.432380990909712,65536.0,9535575.336167334,14450.133264415486,84.35633223769983,85.79270265509166,0.6154080886750183,1.5390644160561153,0.11805164857775237,9.225887353737047,9.51888994736932,26.283136028563007,23.575176558953466,3.504418137141734,12.902630414021843,16.40704855116357,39.663641643104164,0.110626220703125,0.0,0.6934883616686364,18.214285714285715,0.86714351022908,4.0476190476190474,2.9997018056681393,0.7071067811865476,0.7071067811865476,2.0156855460876724,2.0156855460876724
data/simulated2/surface94.txt,7.971212947242929,9.993346911657815,-0.01803537704664682,2.997693739203685,82.48134119504084,229.56639777686757,-41.475192318717006,41.006148876323834,45.996522646166014,7.445085568190953,65536.0,9461999.158579078,14337.864927031063,84.3496667213243,85.77449491302883,0.6145309730853351,1.5349200377370726,0.1214535777796418,9.032418105744144,9.685990744805116,26.394029182413057,24.744402358512247,3.464216330191718,12.867089226426373,16.66123092139825,41.405633279910504,0.10845947265625,90.0,0.6952390409141325,10.625,0.8450677104516062,4.0476190476190474,3.007842095565188,0.7071067811865476,0.7071067811865476,1.4197485810096786,1.4197485810096786
data/simulated2/surface95.txt,7.943120023722054,9.96779355164903,0.010724042874623134,2.993149662277537,88.32826256123809,231.69358613896523,-49.25085411926678,39.077408441971315,90.00163609668925,7.456649375938375,65536.0,9405525.838747267,14251.693479533793,84.32940451490401,85.76694448106149,0.6053791441381345,1.5615108284229569,0.11454391296941707,9.139801882504385,9.385445321402875,26.056837455565223,22.61203521567696,3.7097870275719984,12.895926333940764,16.42905683639028,49.110513984048374,0.10986328125,0.0,0.648650188083539,36.42857142857143,0.8065008832024898,3.984375,3.004002988493795,0.7071067811865476,0.7071067811865476,1.414213562373095,1.414213562373095
data/simulated2/surface96.txt,7.986528887859361,9.993998208254592,0.0016176944359137743,2.9797594031986256,90.78454708902916,242.18791232794285,-47.8246597642775,42.95988732475167,50.018696442449695,7.442736795073979,65536.0,9486384.258752933,14375.073637013142,84.33312697218913,85.77628702237709,0.6142883168436182,1.5363522825061902,0.11746169415169794,9.181472027388567,9.252165773782517,26.7814413912636,26.690656844174576,3.6313818835611684,12.709836592464079,16.522787570203313,47.752671768829345,0.1096038818359375,90.0,0.689824172629024,51.0,0.7098231703520235,4.0476190476190474,2.984795213940033,0.7071067811865476,0.7071067811865476,1.4197485810096786,1.4197485810096786
data/simulated2/surface97.txt,8.007213798428223,10.031887122439091,-0.0051404451721530665,2.996497640234125,86.27176228348634,242.6839210380803,-42.94069494860584,43.3310673348805,81.00481226125325,7.5238785972559645,65536.0,9571360.926401637,14504.737741701718,84.37968929560465,85.79892035869517,0.6111683636975349,1.5432140347379641,0.11997869441381181,9.279351141846721,9.671613372254688,26.312887496463322,26.91678983244774,3.6234140159064268,12.940764342522954,16.3916348338624,42.79079409260922,0.10919189453125,90.0,0.6998486302721315,6.891891891891892,0.8949234914807294,3.984375,3.0159979751368278,0.7071067811865476,0.7071067811865476,2.0,2.0
data/simulated2/surface98.txt,7.960205452901003,9.981912810730151,-0.013265290201228552,3.010857435386316,85.99501452265542,241.10595370057928,-44.27552152279259,41.71949299986284,5.087554125449506,7.466010790525024,65536.0,9446527.003905138,14314.256292579861,84.35809902428967,85.78870422675526,0.6137062415632067,1.5377824003088487,0.11945675397822193,9.239409368660871,9.62655261135795,26.22847942940991,25.454524298706005,3.6117906099515267,12.727262149353002,16.511042788349844,44.20143746464489,0.1088714599609375,90.0,0.6568255173752685,85.0,0.8746458388469771,3.984375,2.9912534838367697,0.7071067811865476,0.7071067811865476,1.414213562373095,1.414213562373095
data/simulated2/surface99.txt,7.965818576867516,9.976827231267192,-0.011295105601523555,2.9727823046718433,81.55125681967087,238.40306182962178,-40.20962804835012,41.34162877132074,6.0511826606264165,7.424583940899959,65536.0,9402461.13173304,14247.017107746948,84.33217224906342,85.76204962669604,0.6088278033376797,1.543161922218193,0.12176269496489363,8.999282072863565,9.489498105173766,26.504158466393033,24.954684586819276,3.751357813704857,12.721996063868659,16.473353877573516,40.12321835527807,0.1092529296875,90.0,0.7266252919266589,85.0,0.6891014340191859,4.0476190476190474,2.9932806581449456,0.7071067811865476,0.7071067811865476,1.414213562373095,1.414213562373095
